Variable,Participants,Contry_Year,Country,>= 2 waves,Participants_per_Country,Participants_per_CountryYear
S001,659369,414,115,92,5733.643478260869,1592.6787439613527
S002,659369,414,115,92,5733.643478260869,1592.6787439613527
S003,659369,414,115,92,5733.643478260869,1592.6787439613527
COUNTRY_ALPHA,544534,323,108,81,5041.981481481482,1685.8637770897833
COW_NUM,544534,323,108,81,5041.981481481482,1685.8637770897833
COW_ALPHA,424283,293,104,77,4079.644230769231,1448.0648464163824
S004,74837,52,52,0,1439.173076923077,1439.173076923077
S006,538564,384,115,92,4683.165217391304,1402.5104166666667
S007,539118,384,115,92,4687.982608695652,1403.953125
S008,186510,104,70,27,2664.4285714285716,1793.3653846153845
S010,347919,218,94,63,3701.2659574468084,1595.9587155963302
S011A,160107,73,73,0,2193.246575342466,2193.246575342466
S011B,222728,122,83,29,2683.4698795180725,1825.639344262295
S012,291480,159,97,52,3004.9484536082473,1833.2075471698113
S013,568784,352,112,90,5078.428571428572,1615.8636363636363
S013B,144450,100,70,30,2063.5714285714284,1444.5
S016,364060,252,112,74,3250.535714285714,1444.6825396825398
S017,539118,384,115,92,4687.982608695652,1403.953125
S018,544534,323,108,81,5041.981481481482,1685.8637770897833
S019,424283,293,104,77,4079.644230769231,1448.0648464163824
S020,659369,414,115,92,5733.643478260869,1592.6787439613527
S021,539118,384,115,92,4687.982608695652,1403.953125
S024,539118,384,115,92,4687.982608695652,1403.953125
S025,659369,414,115,92,5733.643478260869,1592.6787439613527
A001,622033,387,114,92,5456.429824561404,1607.3204134366924
A002,620411,387,114,92,5442.201754385965,1603.1291989664082
A003,616996,387,114,92,5412.245614035088,1594.3049095607234
A004,612949,387,114,92,5376.745614035088,1583.8475452196383
A005,615953,387,114,92,5403.096491228071,1591.6098191214471
A006,614422,387,114,92,5389.666666666667,1587.653746770026
A007,52114,38,38,0,1371.421052631579,1371.421052631579
A008,646105,412,115,92,5618.304347826087,1568.2160194174758
A009,608724,377,114,89,5339.684210526316,1614.6525198938991
A010,68088,54,40,14,1702.2,1260.888888888889
A011,66631,53,39,14,1708.4871794871794,1257.188679245283
A012,67957,54,40,14,1698.925,1258.462962962963
A013,67996,54,40,14,1699.9,1259.1851851851852
A014,68004,54,40,14,1700.1,1259.3333333333333
A015,67993,54,40,14,1699.825,1259.1296296296296
A016,67735,54,40,14,1693.375,1254.351851851852
A017,67912,54,40,14,1697.8,1257.6296296296296
A018,67729,54,40,14,1693.225,1254.2407407407406
A019,66953,53,39,14,1716.7435897435898,1263.2641509433963
A025,273732,212,84,60,3258.714285714286,1291.188679245283
A026,275559,212,84,60,3280.464285714286,1299.8066037735848
A027,442452,263,98,69,4514.816326530612,1682.3269961977187
A029,652489,411,115,92,5673.817391304347,1587.5644768856448
A030,650989,410,115,92,5660.773913043478,1587.7780487804878
A032,653159,411,115,92,5679.643478260869,1589.1946472019465
A034,648427,409,115,92,5638.495652173913,1585.39608801956
A035,653342,411,115,92,5681.234782608695,1589.639902676399
A038,651363,411,115,92,5664.026086956522,1584.8248175182482
A039,644214,408,115,92,5601.860869565217,1578.9558823529412
A040,649139,409,115,92,5644.686956521739,1587.1369193154035
A041,648009,409,115,92,5634.860869565217,1584.3740831295843
A042,651230,411,115,92,5662.869565217391,1584.501216545012
A043B,89562,60,60,0,1492.7,1492.7
A044,70743,52,52,0,1360.4423076923076,1360.4423076923076
A045,66791,51,51,0,1309.6274509803923,1309.6274509803923
A046,63402,50,36,14,1761.1666666666667,1268.04
A047,63437,52,38,14,1669.3947368421052,1219.9423076923076
A048,123966,106,51,31,2430.705882352941,1169.4905660377358
A049,126095,106,51,31,2472.450980392157,1189.5754716981132
A057,55017,38,38,0,1447.8157894736842,1447.8157894736842
A058,93138,69,69,0,1349.8260869565217,1349.8260869565217
A059,83213,69,69,0,1205.9855072463768,1205.9855072463768
A060,81901,68,68,0,1204.4264705882354,1204.4264705882354
A061,81359,68,68,0,1196.4558823529412,1196.4558823529412
A062,354986,265,102,72,3480.2549019607845,1339.5698113207548
A063,64214,51,37,14,1735.5135135135135,1259.0980392156862
A064,171155,134,67,43,2554.5522388059703,1277.2761194029852
A065,242387,184,95,54,2551.442105263158,1317.320652173913
A066,242190,184,95,54,2549.3684210526317,1316.25
A080_02,69728,49,49,0,1423.0204081632653,1423.0204081632653
A067,240804,183,94,54,2561.744680851064,1315.8688524590164
A068,242107,184,95,54,2548.4947368421053,1315.7989130434783
A069,155346,120,67,42,2318.597014925373,1294.55
A080_01,69893,49,49,0,1426.3877551020407,1426.3877551020407
A070,171127,134,67,43,2554.134328358209,1277.0671641791046
A071,125850,99,65,28,1936.1538461538462,1271.2121212121212
A071B,116207,85,73,12,1591.876712328767,1367.1411764705883
A071C,43897,34,34,0,1291.0882352941176,1291.0882352941176
A072,241907,184,95,54,2546.3894736842103,1314.7119565217392
A073,171148,134,67,43,2554.4477611940297,1277.2238805970148
A074,225124,169,94,53,2394.936170212766,1332.094674556213
A075,222232,168,94,52,2364.1702127659573,1322.8095238095239
A076,152634,118,65,42,2348.2153846153847,1293.5084745762713
A077,152657,118,65,42,2348.5692307692307,1293.7033898305085
A079,217815,167,93,53,2342.0967741935483,1304.2814371257484
A080,127656,100,48,30,2659.5,1276.56
A081,163982,130,64,43,2562.21875,1261.4
A082,165816,131,65,43,2551.0153846153844,1265.7709923664122
A083,165213,131,65,43,2541.7384615384617,1261.1679389312976
A084,164382,130,64,43,2568.46875,1264.4769230769232
A085,164933,131,65,43,2537.4307692307693,1259.030534351145
A086,148119,116,64,41,2314.359375,1276.8879310344828
A087,163917,130,64,43,2561.203125,1260.9
A088,121649,97,63,28,1930.936507936508,1254.1134020618556
A088B,43417,34,34,0,1276.9705882352941,1276.9705882352941
A088C,42387,33,33,0,1284.4545454545455,1284.4545454545455
A089,163535,130,64,43,2555.234375,1257.9615384615386
A090,163937,130,64,43,2561.515625,1261.053846153846
A091,149710,117,65,41,2303.230769230769,1279.5726495726497
A092,148042,116,64,41,2313.15625,1276.2241379310344
A093,146708,115,63,41,2328.6984126984125,1275.7217391304348
A094,145638,114,63,40,2311.714285714286,1277.5263157894738
A096,121928,95,53,31,2300.5283018867926,1283.4526315789474
A097,123585,97,48,28,2574.6875,1274.0721649484535
A098,321435,223,100,65,3214.35,1441.4125560538116
A099,312592,217,100,65,3125.92,1440.516129032258
A100,320742,225,100,65,3207.42,1425.52
A101,321916,224,98,65,3284.8571428571427,1437.125
A102,322185,224,98,65,3287.6020408163267,1438.325892857143
A103,321687,224,99,65,3249.3636363636365,1436.1026785714287
A104,321491,224,99,65,3247.3838383838383,1435.2276785714287
A105,321756,224,100,65,3217.56,1436.4107142857142
A106,269641,207,99,60,2723.6464646464647,1302.6135265700484
A106B,158002,109,75,34,2106.693333333333,1449.559633027523
A106C,158096,109,75,34,2107.9466666666667,1450.4220183486239
A106D,68295,49,49,0,1393.7755102040817,1393.7755102040817
A107,11851,32,32,0,370.34375,370.34375
A108,11562,31,31,0,372.96774193548384,372.96774193548384
A109,11377,31,31,0,367,367
A110,11716,31,31,0,377.93548387096774,377.93548387096774
A111,11436,31,31,0,368.9032258064516,368.9032258064516
A112,11613,31,31,0,374.61290322580646,374.61290322580646
A113,11631,31,31,0,375.19354838709677,375.19354838709677
A114,11482,31,31,0,370.38709677419354,370.38709677419354
A115,11398,31,31,0,367.6774193548387,367.6774193548387
A116,11617,31,31,0,374.741935483871,374.741935483871
A117,11417,31,31,0,368.2903225806452,368.2903225806452
A118,11771,31,31,0,379.7096774193548,379.7096774193548
A119,11679,31,31,0,376.741935483871,376.741935483871
A120,11191,31,31,0,361,361
A124_01,287361,214,87,62,3303,1342.8084112149534
A124_02,627069,398,113,92,5549.283185840708,1575.5502512562814
A124_03,628789,400,113,92,5564.504424778761,1571.9725
A124_04,280640,211,86,61,3263.2558139534885,1330.047393364929
A124_05,169064,131,64,44,2641.625,1290.5648854961833
A124_06,623825,399,113,92,5520.575221238938,1563.4711779448621
A124_07,481380,347,114,92,4222.631578947368,1387.2622478386168
A124_08,599940,376,114,92,5262.631578947368,1595.5851063829787
A124_09,589321,372,112,92,5261.794642857143,1584.1962365591398
A124_10,155519,116,60,39,2591.983333333333,1340.6810344827586
A124_11,2535,2,2,0,1267.5,1267.5
A124_12,275584,187,94,57,2931.744680851064,1473.711229946524
A124_13,2002,1,1,0,2002,2002
A124_14,19972,17,16,1,1248.25,1174.8235294117646
A124_15,2532,1,1,0,2532,2532
A124_16,2522,2,2,0,1261,1261
A124_17,81190,65,39,24,2081.7948717948716,1249.076923076923
A124_18,88828,65,54,11,1644.962962962963,1366.5846153846153
A124_19,4247,2,2,0,2123.5,2123.5
A124_20,2022,1,1,0,2022,2022
A124_21,1200,1,1,0,1200,1200
A124_22,720,1,1,0,720,720
A124_23,720,1,1,0,720,720
A124_24,46939,30,28,2,1676.392857142857,1564.6333333333334
A124_25,1171,1,1,0,1171,1171
A124_27,129942,102,51,30,2547.8823529411766,1273.9411764705883
A124_28,134559,106,52,30,2587.673076923077,1269.4245283018868
A124_29,43825,34,33,1,1328.030303030303,1288.9705882352941
A124_30,3489,2,2,0,1744.5,1744.5
A124_31,417,1,1,0,417,417
A124_32,2048,1,1,0,2048,2048
A124_33,1211,1,1,0,1211,1211
A124_34,7326,3,2,1,3663,2442
A124_35,5923,2,1,1,5923,2961.5
A124_36,5923,2,1,1,5923,2961.5
A124_37,5841,2,1,1,5841,2920.5
A124_38,6974,3,2,1,3487,2324.6666666666665
A124_42,228668,158,86,52,2658.9302325581393,1447.26582278481
A124_43,226978,159,88,52,2579.2954545454545,1427.5345911949685
A124_45,4973,2,1,1,4973,2486.5
A124_46,4976,2,1,1,4976,2488
A124_47,4883,2,1,1,4883,2441.5
A124_48,4885,2,1,1,4885,2442.5
A124_49,4884,2,1,1,4884,2442
A124_50,4861,2,1,1,4861,2430.5
A124_51,4821,2,1,1,4821,2410.5
A124_52,4847,2,1,1,4847,2423.5
A124_53,2325,1,1,0,2325,2325
A124_54,5673,3,3,0,1891,1891
A124_55,954,1,1,0,954,954
A124_56,954,1,1,0,954,954
A124_57,954,1,1,0,954,954
A124_58,2582,1,1,0,2582,2582
A124_59,2402,1,1,0,2402,2402
A124_60,1000,1,1,0,1000,1000
A124_61,1014,1,1,0,1014,1014
A165,634798,413,115,92,5519.982608695652,1537.0411622276029
A168,54178,41,41,0,1321.4146341463415,1321.4146341463415
A168A,193060,136,99,37,1950.1010101010102,1419.5588235294117
A169,110070,85,61,24,1804.4262295081967,1294.9411764705883
A170,647489,412,115,92,5630.339130434782,1571.5752427184466
A173,632912,407,114,92,5551.859649122807,1555.066339066339
A174,76294,54,54,0,1412.851851851852,1412.851851851852
A189,158385,112,78,34,2030.576923076923,1414.1517857142858
A190,159268,112,78,34,2041.8974358974358,1422.0357142857142
A191,159829,112,78,34,2049.0897435897436,1427.044642857143
A192,159243,112,78,34,2041.576923076923,1421.8125
A193,112416,79,66,13,1703.2727272727273,1422.987341772152
A194,158585,112,78,34,2033.1410256410256,1415.9375
A195,158161,112,78,34,2027.7051282051282,1412.1517857142858
A196,159458,112,78,34,2044.3333333333333,1423.732142857143
A197,159248,112,78,34,2041.6410256410256,1421.857142857143
A198,159892,112,78,34,2049.897435897436,1427.607142857143
A199,83963,58,58,0,1447.6379310344828,1447.6379310344828
A200,81017,59,59,0,1373.1694915254238,1373.1694915254238
A201,81365,59,59,0,1379.0677966101696,1379.0677966101696
A202,80997,59,59,0,1372.8305084745762,1372.8305084745762
A203,82868,59,59,0,1404.542372881356,1404.542372881356
A204,81527,59,59,0,1381.8135593220338,1381.8135593220338
A205,80928,59,59,0,1371.6610169491526,1371.6610169491526
A206,82169,59,59,0,1392.6949152542372,1392.6949152542372
A207,82351,59,59,0,1395.7796610169491,1395.7796610169491
A208,83615,59,59,0,1417.2033898305085,1417.2033898305085
A209,80683,58,58,0,1391.0862068965516,1391.0862068965516
A210,82907,59,59,0,1405.2033898305085,1405.2033898305085
A211,79820,59,59,0,1352.8813559322034,1352.8813559322034
A212,78730,59,59,0,1334.406779661017,1334.406779661017
A213,35502,24,24,0,1479.25,1479.25
A214,35864,24,24,0,1494.3333333333333,1494.3333333333333
A215,35815,24,24,0,1492.2916666666667,1492.2916666666667
A216,35708,24,24,0,1487.8333333333333,1487.8333333333333
A217,35167,24,24,0,1465.2916666666667,1465.2916666666667
A218,35786,24,24,0,1491.0833333333333,1491.0833333333333
A219,35459,24,24,0,1477.4583333333333,1477.4583333333333
A220,35640,24,24,0,1485,1485
A221,35593,24,24,0,1483.0416666666667,1483.0416666666667
A222,34955,24,24,0,1456.4583333333333,1456.4583333333333
B001,214249,171,89,52,2407.2921348314608,1252.9181286549708
B002,253909,202,92,61,2759.8804347826085,1256.9752475247524
B003,184155,147,86,44,2141.3372093023254,1252.7551020408164
B004,64660,52,52,0,1243.4615384615386,1243.4615384615386
B005,44561,37,37,0,1204.3513513513512,1204.3513513513512
B006,42441,37,37,0,1147.054054054054,1147.054054054054
B007,47232,38,38,0,1242.9473684210527,1242.9473684210527
B008,453476,288,108,80,4198.851851851852,1574.5694444444443
B009,101252,80,59,21,1716.135593220339,1265.65
B010,58230,50,50,0,1164.6,1164.6
B011,56972,47,47,0,1212.1702127659576,1212.1702127659576
B012,58482,47,47,0,1244.2978723404256,1244.2978723404256
B013,64062,50,50,0,1281.24,1281.24
B014,64909,50,50,0,1298.18,1298.18
B015,64749,50,50,0,1294.98,1294.98
B016,60326,51,51,0,1182.8627450980391,1182.8627450980391
B017,58565,51,51,0,1148.3333333333333,1148.3333333333333
B018,67715,48,48,0,1410.7291666666667,1410.7291666666667
B019,67583,48,48,0,1407.9791666666667,1407.9791666666667
B020,66997,48,48,0,1395.7708333333333,1395.7708333333333
B021,63741,49,49,0,1300.8367346938776,1300.8367346938776
B022,65595,49,49,0,1338.6734693877552,1338.6734693877552
B023,66635,49,49,0,1359.8979591836735,1359.8979591836735
B030,88510,60,60,0,1475.1666666666667,1475.1666666666667
B031,88214,60,60,0,1470.2333333333333,1470.2333333333333
C001_01,394408,280,103,77,3829.2038834951454,1408.6
C002,584688,377,112,88,5220.428571428572,1550.896551724138
C004,122449,96,67,29,1827.597014925373,1275.5104166666667
C005,49328,40,40,0,1233.2,1233.2
C006,452173,325,111,86,4073.6306306306305,1391.3015384615385
C008,121904,90,67,23,1819.4626865671642,1354.4888888888888
C009,183875,137,82,42,2242.378048780488,1342.153284671533
C010,175700,135,81,42,2169.135802469136,1301.4814814814815
C011,275001,206,82,58,3353.670731707317,1334.9563106796118
C012,274320,206,82,58,3345.3658536585367,1331.6504854368932
C013,274665,206,82,58,3349.5731707317073,1333.3252427184466
C014,241685,182,80,55,3021.0625,1327.9395604395604
C015,271807,205,82,58,3314.7195121951218,1325.8878048780489
C016,272258,205,82,58,3320.2195121951218,1328.0878048780487
C017,273292,205,82,58,3332.829268292683,1333.1317073170733
C018,271773,205,82,58,3314.3048780487807,1325.7219512195122
C019,274424,206,82,58,3346.6341463414633,1332.1553398058252
C020,271931,205,82,58,3316.231707317073,1326.4926829268293
C021,273404,205,82,57,3334.1951219512193,1333.6780487804879
C022,138093,107,52,31,2655.6346153846152,1290.588785046729
C023,104884,83,45,27,2330.7555555555555,1263.6626506024097
C024,137511,107,52,31,2644.4423076923076,1285.1495327102805
C025,134987,106,51,31,2646.8039215686276,1273.4622641509434
C027_90,22743,15,15,0,1516.2,1516.2
C031,39392,54,40,14,984.8,729.4814814814815
C033,76887,109,53,32,1450.698113207547,705.3853211009174
C034,78586,111,54,32,1455.2962962962963,707.981981981982
C036,171335,131,85,46,2015.7058823529412,1307.9007633587787
C037,172907,132,86,46,2010.546511627907,1309.9015151515152
C038,346181,210,103,72,3360.980582524272,1648.4809523809524
C039,360803,211,103,73,3502.9417475728155,1709.9668246445497
C040,72215,59,59,0,1223.9830508474577,1223.9830508474577
C041,360944,210,103,72,3504.3106796116504,1718.7809523809524
C042B1,50269,38,38,0,1322.8684210526317,1322.8684210526317
C042B2,49258,37,37,0,1331.2972972972973,1331.2972972972973
C042B3,47727,36,36,0,1325.75,1325.75
C042B4,47727,36,36,0,1325.75,1325.75
C042B5,44991,35,35,0,1285.4571428571428,1285.4571428571428
C042B6,44226,34,34,0,1300.764705882353,1300.764705882353
C059,302114,235,94,67,3213.978723404255,1285.591489361702
C060,189356,153,78,52,2427.641025641026,1237.6209150326797
C061,263761,205,82,57,3216.5975609756097,1286.639024390244
C062,71565,54,54,0,1325.2777777777778,1325.2777777777778
C063,71820,54,54,0,1330,1330
C064,70964,54,54,0,1314.148148148148,1314.148148148148
D001_B,352167,191,100,64,3521.67,1843.806282722513
D002,68726,55,41,14,1676.2439024390244,1249.5636363636363
D003,47253,49,36,13,1312.5833333333333,964.3469387755102
D015,61634,50,36,14,1712.0555555555557,1232.68
D016,28598,21,20,1,1429.9,1361.8095238095239
D017,204686,160,81,53,2526.9876543209875,1279.2875
D018,344912,260,97,70,3555.7938144329896,1326.5846153846153
D019,268903,214,85,60,3163.564705882353,1256.556074766355
D022,335692,262,97,69,3460.742268041237,1281.2671755725191
D023,350604,266,97,70,3614.4742268041236,1318.0601503759399
D024,145538,118,65,42,2239.0461538461536,1233.3728813559321
D025,67102,51,51,0,1315.7254901960785,1315.7254901960785
D027,135054,105,52,31,2597.1923076923076,1286.2285714285715
D028,134827,105,52,31,2592.826923076923,1284.0666666666666
D029,133477,105,52,31,2566.8653846153848,1271.2095238095237
D030,101577,81,45,25,2257.266666666667,1254.037037037037
D031,133038,105,52,31,2558.423076923077,1267.0285714285715
D032,134647,105,52,31,2589.3653846153848,1282.352380952381
D033,132785,105,52,31,2553.5576923076924,1264.6190476190477
D034,101454,81,45,25,2254.5333333333333,1252.5185185185185
D035,133086,105,52,31,2559.346153846154,1267.4857142857143
D036,131878,104,51,31,2585.843137254902,1268.0576923076924
D037,132931,104,51,31,2606.4901960784314,1278.1826923076924
D038,132817,104,51,31,2604.2549019607845,1277.0865384615386
D043,63796,51,37,14,1724.2162162162163,1250.9019607843138
D043_01,33048,24,24,0,1377,1377
D054,479283,289,107,81,4479.280373831775,1658.4186851211073
D055,192675,145,84,48,2293.75,1328.7931034482758
D056,241911,184,84,59,2879.8928571428573,1314.733695652174
D057,463116,350,114,91,4062.4210526315787,1323.1885714285713
D058,239298,182,84,59,2848.785714285714,1314.8241758241759
D059,475706,290,107,81,4445.85046728972,1640.3655172413794
D060,483020,290,107,81,4514.205607476635,1665.5862068965516
D061,384724,227,104,71,3699.269230769231,1694.819383259912
D062,106858,88,50,28,2137.16,1214.2954545454545
D063,109388,89,51,28,2144.8627450980393,1229.0786516853932
D063_B,86599,60,60,0,1443.3166666666666,1443.3166666666666
D066,67198,53,53,0,1267.8867924528302,1267.8867924528302
D066_B,155845,109,75,34,2077.9333333333334,1429.7706422018348
D067,18194,10,10,0,1819.4,1819.4
D068,21680,11,11,0,1970.909090909091,1970.909090909091
D069,21671,11,11,0,1970.090909090909,1970.090909090909
D070,21672,11,11,0,1970.1818181818182,1970.1818181818182
D071,21633,11,11,0,1966.6363636363637,1966.6363636363637
D072,2382,1,1,0,2382,2382
D073,2408,1,1,0,2408,2408
D074,2452,1,1,0,2452,2452
D075,2399,1,1,0,2399,2399
D076,21431,11,11,0,1948.2727272727273,1948.2727272727273
D077,21606,11,11,0,1964.1818181818182,1964.1818181818182
D078,343066,193,100,65,3430.66,1777.5440414507773
D079,70550,52,52,0,1356.7307692307693,1356.7307692307693
D080,70557,52,52,0,1356.8653846153845,1356.8653846153845
D081,172087,79,79,0,2178.3164556962024,2178.3164556962024
E001,523995,328,111,86,4720.675675675676,1597.5457317073171
E002,510443,327,110,86,4640.390909090909,1560.9877675840978
E003,635974,409,114,92,5578.7192982456145,1554.9486552567237
E004,622720,408,113,92,5510.796460176991,1526.2745098039215
E005,413867,300,111,81,3728.5315315315315,1379.5566666666666
E006,403237,299,110,81,3665.7909090909093,1348.61872909699
E007,44031,32,32,0,1375.96875,1375.96875
E008,41253,31,31,0,1330.741935483871,1330.741935483871
E009,41777,31,31,0,1347.6451612903227,1347.6451612903227
E010,41209,31,31,0,1329.3225806451612,1329.3225806451612
E012,518828,359,112,89,4632.392857142857,1445.2033426183843
E014,272846,212,85,60,3209.9529411764706,1287.0094339622642
E015,591800,383,113,91,5237.168141592921,1545.1697127937337
E016,479077,356,113,91,4239.619469026548,1345.7219101123596
E017,102323,83,46,26,2224.413043478261,1232.8072289156626
E018,623923,408,115,92,5425.417391304348,1529.2230392156862
E019,326990,245,96,68,3406.1458333333335,1334.6530612244899
E020,102978,84,46,27,2238.6521739130435,1225.9285714285713
E022,284656,224,93,65,3060.8172043010754,1270.7857142857142
E023,614085,386,115,92,5339.869565217391,1590.8937823834196
E025,600052,397,112,90,5357.607142857143,1511.4659949622167
E025B,75425,105,73,32,1033.2191780821918,718.3333333333334
E026,582782,393,110,90,5298.018181818182,1482.9058524173029
E026B,62261,103,72,31,864.7361111111111,604.4757281553398
E027,599238,396,111,90,5398.540540540541,1513.2272727272727
E028,515053,337,107,84,4813.579439252337,1528.347181008902
E028B,6438,54,54,0,119.22222222222223,119.22222222222223
E029,252171,202,81,58,3113.222222222222,1248.3712871287128
E032,128632,106,53,30,2427.0188679245284,1213.5094339622642
E033,504461,391,111,90,4544.693693693694,1290.1815856777494
E034,294421,232,100,68,2944.21,1269.0560344827586
E035,593821,379,115,92,5163.660869565218,1566.8100263852243
E036,566012,371,114,91,4965.017543859649,1525.6388140161725
E037,606041,387,115,92,5269.921739130435,1565.9974160206718
E038,118892,94,52,29,2286.3846153846152,1264.8085106382978
E039,572194,374,113,91,5063.66371681416,1529.9304812834225
E040,354808,258,108,73,3285.259259259259,1375.2248062015503
E041,274930,208,100,57,2749.3,1321.7788461538462
E045,131437,103,64,33,2053.703125,1276.0873786407767
E046,142215,111,68,37,2091.3970588235293,1281.2162162162163
E047,47887,39,39,0,1227.871794871795,1227.871794871795
E048,47445,37,37,0,1282.2972972972973,1282.2972972972973
E049,47466,37,37,0,1282.8648648648648,1282.8648648648648
E050,47402,37,37,0,1281.1351351351352,1281.1351351351352
E051,47428,37,37,0,1281.837837837838,1281.837837837838
E052,47420,37,37,0,1281.6216216216217,1281.6216216216217
E053,47478,37,37,0,1283.1891891891892,1283.1891891891892
E054,47464,37,37,0,1282.8108108108108,1282.8108108108108
E055,47478,37,37,0,1283.1891891891892,1283.1891891891892
E056,46147,35,35,0,1318.4857142857143,1318.4857142857143
E057,46656,38,38,0,1227.7894736842106,1227.7894736842106
E058,47531,38,38,0,1250.8157894736842,1250.8157894736842
E059,43101,37,37,0,1164.8918918918919,1164.8918918918919
E060,46129,38,38,0,1213.921052631579,1213.921052631579
E061,44535,38,38,0,1171.9736842105262,1171.9736842105262
E062,67678,53,53,0,1276.9433962264152,1276.9433962264152
E063,16106,14,14,0,1150.4285714285713,1150.4285714285713
E064,15750,14,14,0,1125,1125
E065,17263,15,15,0,1150.8666666666666,1150.8666666666666
E066,17272,15,15,0,1151.4666666666667,1151.4666666666667
E067,17024,15,15,0,1134.9333333333334,1134.9333333333334
E068,17178,15,15,0,1145.2,1145.2
E069_01,599475,406,114,91,5258.5526315789475,1476.539408866995
E069_02,618632,401,113,89,5474.619469026548,1542.7231920199501
E069_03,138372,110,53,33,2610.7924528301887,1257.9272727272728
E069_04,625519,407,114,91,5487.008771929824,1536.9017199017198
E069_05,594147,403,111,91,5352.675675675676,1474.3101736972706
E069_06,627018,404,113,91,5548.831858407079,1552.0247524752476
E069_07,611383,400,113,90,5410.469026548672,1528.4575
E069_08,607525,401,112,91,5424.330357142857,1515.0249376558604
E069_09,118709,94,52,29,2282.8653846153848,1262.8617021276596
E069_10,374049,265,103,75,3631.5436893203882,1411.5056603773585
E069_11,510949,315,113,85,4521.672566371682,1622.0603174603175
E069_12,507646,317,111,86,4573.387387387387,1601.4069400630915
E069_13,585385,391,114,91,5134.956140350877,1497.1483375959078
E069_14,462533,309,114,85,4057.3070175438597,1496.8705501618124
E069_15,326857,255,102,73,3204.4803921568628,1281.792156862745
E069_16,69633,54,37,17,1881.972972972973,1289.5
E069_17,510054,365,111,87,4595.081081081081,1397.4082191780822
E069_18,309683,243,96,53,3225.8645833333335,1274.4156378600824
E069_19,164922,146,89,44,1853.056179775281,1129.6027397260275
E069_20,495827,341,114,91,4349.359649122807,1454.0381231671554
E069_21,26403,20,10,5,2640.3,1320.15
E069_22,19101,15,8,5,2387.625,1273.4
E069_23,23775,14,10,3,2377.5,1698.2142857142858
E069_24,16729,11,5,3,3345.8,1520.8181818181818
E069_25,2059,2,1,1,2059,1029.5
E069_26,20392,20,9,4,2265.777777777778,1019.6
E069_27,10171,8,3,3,3390.3333333333335,1271.375
E069_28,1224,1,1,0,1224,1224
E069_29,13967,13,7,3,1995.2857142857142,1074.3846153846155
E069_30,7414,6,4,1,1853.5,1235.6666666666667
E069_31,4081,4,2,1,2040.5,1020.25
E069_32,699,1,1,0,699,699
E069_33,1640,2,2,0,820,820
E069_34,2722,3,3,0,907.3333333333334,907.3333333333334
E069_35,1085,1,1,0,1085,1085
E069_38,1184,1,1,0,1184,1184
E069_39,1049,1,1,0,1049,1049
E069_40,221015,163,88,53,2511.534090909091,1355.920245398773
E069_41,155144,110,75,34,2068.5866666666666,1410.4
E069_42,3628,3,2,1,1814,1209.3333333333333
E069_43,17083,13,9,3,1898.111111111111,1314.076923076923
E069_44,1269,2,1,1,1269,634.5
E069_45,57475,49,48,1,1197.3958333333333,1172.9591836734694
E069_46,882,1,1,0,882,882
E069_47,2577,1,1,0,2577,2577
E069_48,2494,1,1,0,2494,2494
E069_49,979,1,1,0,979,979
E069_51,1117,1,1,0,1117,1117
E069_52,1460,1,1,0,1460,1460
E069_54,152187,109,75,34,2029.16,1396.211009174312
E069_55,6414,7,7,0,916.2857142857143,916.2857142857143
E069_56,2283,2,1,1,2283,1141.5
E069_57,1059,1,1,0,1059,1059
E069_58,1683,2,2,0,841.5,841.5
E069_59,5451,6,6,0,908.5,908.5
E069_60,994,1,1,0,994,994
E069_61,54249,47,47,0,1154.2340425531916,1154.2340425531916
E069_62,57595,47,47,0,1225.4255319148936,1225.4255319148936
E069_63,55535,47,47,0,1181.595744680851,1181.595744680851
E069_64,67755,48,48,0,1411.5625,1411.5625
E069_65,55648,48,48,0,1159.3333333333333,1159.3333333333333
E069_66,2301,3,3,0,767,767
E069_67,3117,3,3,0,1039,1039
E104,51495,41,41,0,1255.9756097560976,1255.9756097560976
E105,46977,38,38,0,1236.2368421052631,1236.2368421052631
E106,47464,38,38,0,1249.0526315789473,1249.0526315789473
E107,50524,41,41,0,1232.2926829268292,1232.2926829268292
E108,49019,41,41,0,1195.5853658536585,1195.5853658536585
E109,44073,36,36,0,1224.25,1224.25
E110,129100,100,71,25,1818.3098591549297,1291
E111,342910,202,98,64,3499.081632653061,1697.5742574257426
E112,128825,106,73,33,1764.7260273972602,1215.3301886792453
E113,57953,53,51,2,1136.3333333333333,1093.4528301886792
E114,517205,341,112,91,4617.901785714285,1516.7302052785924
E115,508081,340,112,91,4536.4375,1494.355882352941
E116,514591,336,112,90,4594.5625,1531.5208333333333
E117,513835,340,112,91,4587.8125,1511.2794117647059
E117B,65637,49,49,0,1339.530612244898,1339.530612244898
E118,71064,59,53,6,1340.8301886792453,1204.4745762711864
E119,73920,57,51,6,1449.4117647058824,1296.842105263158
E120,165937,143,82,50,2023.621951219512,1160.3986013986014
E121,169200,143,82,50,2063.4146341463415,1183.2167832167831
E122,169667,144,83,50,2044.1807228915663,1178.2430555555557
E123,172926,143,82,50,2108.8536585365855,1209.2727272727273
E124,333384,239,109,69,3058.5688073394494,1394.9121338912134
E125,119220,89,66,23,1806.3636363636363,1339.5505617977528
E127,13792,10,10,0,1379.2,1379.2
E128,126113,100,69,25,1827.7246376811595,1261.13
E129,32042,30,30,0,1068.0666666666666,1068.0666666666666
E129A,14456,12,12,0,1204.6666666666667,1204.6666666666667
E129B,4854,11,11,0,441.27272727272725,441.27272727272725
E129C,22833,19,19,0,1201.7368421052631,1201.7368421052631
E129D,56774,46,46,0,1234.2173913043478,1234.2173913043478
E130,68467,52,52,0,1316.673076923077,1316.673076923077
E131,63296,53,53,0,1194.2641509433963,1194.2641509433963
E132,65755,51,51,0,1289.313725490196,1289.313725490196
E133,65294,50,50,0,1305.88,1305.88
E134,51198,47,47,0,1089.3191489361702,1089.3191489361702
E135,106916,83,63,20,1697.079365079365,1288.144578313253
E136,107376,83,63,20,1704.3809523809523,1293.686746987952
E137,105952,83,63,20,1681.7777777777778,1276.5301204819277
E138,105190,83,63,20,1669.6825396825398,1267.3493975903614
E139,106775,83,63,20,1694.8412698412699,1286.44578313253
E140,22111,19,19,0,1163.7368421052631,1163.7368421052631
E141,22235,19,19,0,1170.2631578947369,1170.2631578947369
E142,21914,19,19,0,1153.3684210526317,1153.3684210526317
E143,254253,195,95,66,2676.3473684210526,1303.8615384615384
E147,35946,29,29,0,1239.5172413793102,1239.5172413793102
E150,110083,85,64,21,1720.046875,1295.0941176470587
E154,70529,54,37,17,1906.1891891891892,1306.0925925925926
E155,70217,54,37,17,1897.7567567567567,1300.3148148148148
E156,70037,54,37,17,1892.8918918918919,1296.9814814814815
E157,69313,54,37,17,1873.3243243243244,1283.5740740740741
E158,69162,54,37,17,1869.2432432432433,1280.7777777777778
E159,69055,53,37,16,1866.3513513513512,1302.9245283018868
E160,70418,54,37,17,1903.1891891891892,1304.037037037037
E161,69627,54,37,17,1881.8108108108108,1289.388888888889
E162,70406,54,37,17,1902.8648648648648,1303.8148148148148
E179_WVS7,295768,245,95,69,3113.3473684210526,1207.2163265306122
E170_WVS7LOC,295768,245,95,69,3113.3473684210526,1207.2163265306122
E180WVS,133357,139,73,44,1826.8082191780823,959.4028776978417
E181_EVS5,0,0,0,0,NA,NA
E182,129183,119,70,40,1845.4714285714285,1085.5714285714287
E184,10053,5,5,0,2010.6,2010.6
E185,10002,5,5,0,2000.4,2000.4
E186,9731,5,5,0,1946.2,1946.2
E188,108727,82,70,11,1553.2428571428572,1325.939024390244
E189,40216,31,31,0,1297.2903225806451,1297.2903225806451
E190,119866,94,52,29,2305.1153846153848,1275.1702127659576
E191,110656,92,51,28,2169.7254901960782,1202.7826086956522
E192,65949,48,48,0,1373.9375,1373.9375
E193,61569,48,48,0,1282.6875,1282.6875
E194,61329,48,48,0,1277.6875,1277.6875
E195,59255,47,47,0,1260.7446808510638,1260.7446808510638
E196,67988,52,52,0,1307.4615384615386,1307.4615384615386
E198,64306,50,50,0,1286.12,1286.12
E203,919,1,1,0,919,919
E204,1030,1,1,0,1030,1030
E205,1092,1,1,0,1092,1092
E206,963,1,1,0,963,963
E207,1203,1,1,0,1203,1203
E208,1187,1,1,0,1187,1187
E209,1242,1,1,0,1242,1242
E211,1223,1,1,0,1223,1223
E212,3036,2,2,0,1518,1518
E213,1258,1,1,0,1258,1258
E214,1019,1,1,0,1019,1019
E215,1117,1,1,0,1117,1117
E216,683,1,1,0,683,683
E217,220690,156,85,51,2596.3529411764707,1414.679487179487
E218,219824,156,85,51,2586.164705882353,1409.128205128205
E219,63901,47,47,0,1359.595744680851,1359.595744680851
E220,216532,156,85,51,2547.435294117647,1388.025641025641
E221B,67490,103,72,31,937.3611111111111,655.242718446602
E222,85363,96,70,26,1219.4714285714285,889.1979166666666
E222B,23355,90,69,21,338.4782608695652,259.5
E224,337858,192,100,64,3378.58,1759.6770833333333
E225,330134,192,100,64,3301.34,1719.4479166666667
E226,342739,192,100,64,3427.39,1785.0989583333333
E227,280375,162,87,53,3222.7011494252874,1730.70987654321
E228,253909,188,100,62,2539.09,1350.5797872340424
E229,334986,192,100,64,3349.86,1744.71875
E230,73451,54,54,0,1360.2037037037037,1360.2037037037037
E231,72944,53,53,0,1376.301886792453,1376.301886792453
E232,70520,53,53,0,1330.566037735849,1330.566037735849
E233,339684,192,100,64,3396.84,1769.1875
E233A,267104,139,95,44,2811.621052631579,1921.611510791367
E233B,266133,139,95,44,2801.4,1914.6258992805756
E234,223440,158,86,51,2598.139534883721,1414.1772151898733
E235,338513,193,100,65,3385.13,1753.9533678756477
E236,331284,188,97,64,3415.298969072165,1762.1489361702127
E237,63491,47,47,0,1350.872340425532,1350.872340425532
E238,151011,106,76,30,1986.9868421052631,1424.632075471698
E239,61348,46,46,0,1333.6521739130435,1333.6521739130435
E240,62775,46,46,0,1364.6739130434783,1364.6739130434783
E241,60921,46,46,0,1324.3695652173913,1324.3695652173913
E242,21651,19,19,0,1139.5263157894738,1139.5263157894738
E243,21785,19,19,0,1146.578947368421,1146.578947368421
E244,21688,19,19,0,1141.4736842105262,1141.4736842105262
E245,21694,19,19,0,1141.7894736842106,1141.7894736842106
E246,21533,19,19,0,1133.3157894736842,1133.3157894736842
E247,65170,47,47,0,1386.595744680851,1386.595744680851
E248,78256,56,54,2,1449.1851851851852,1397.4285714285713
E248B,155554,106,73,33,2130.876712328767,1467.4905660377358
E249,75854,53,53,0,1431.2075471698113,1431.2075471698113
E250,75169,55,53,2,1418.2830188679245,1366.709090909091
E250B,85078,57,57,0,1492.5964912280701,1492.5964912280701
E251,73723,53,53,0,1391,1391
E252,75491,54,54,0,1397.9814814814815,1397.9814814814815
E253,74231,54,54,0,1374.648148148148,1374.648148148148
E253B,67523,48,48,0,1406.7291666666667,1406.7291666666667
E254,79134,56,54,2,1465.4444444444443,1413.107142857143
E254B,155336,106,73,33,2127.890410958904,1465.433962264151
E255,164206,113,79,34,2078.5569620253164,1453.1504424778761
E256,8278,7,7,0,1182.5714285714287,1182.5714285714287
E257,68625,49,49,0,1400.5102040816328,1400.5102040816328
E258,2366,2,2,0,1183,1183
E258B,155962,106,73,33,2136.4657534246576,1471.3396226415093
E259,2348,2,2,0,1174,1174
E259B,155384,106,73,33,2128.5479452054797,1465.8867924528302
E260,2306,2,2,0,1153,1153
E260B,155111,106,73,33,2124.8082191780823,1463.311320754717
E261,2176,2,2,0,1088,1088
E261B,154128,106,73,33,2111.3424657534247,1454.0377358490566
E262,2181,2,2,0,1090.5,1090.5
E262B,154511,106,73,33,2116.5890410958905,1457.6509433962265
E263,265822,136,93,43,2858.3010752688174,1954.5735294117646
E264,264076,138,95,43,2779.7473684210527,1913.5942028985507
E265_01,228542,121,90,31,2539.3555555555554,1888.7768595041323
E265_02,228659,121,90,31,2540.6555555555556,1889.7438016528927
E265_03,225762,120,90,30,2508.4666666666667,1881.35
E265_04,230630,121,90,31,2562.5555555555557,1906.0330578512396
E265_05,228951,120,89,31,2572.483146067416,1907.925
E265_06,220811,120,89,31,2481.0224719101125,1840.0916666666667
E265_07,211627,120,89,31,2377.8314606741574,1763.5583333333334
E265_08,212517,120,89,31,2387.8314606741574,1770.975
E265_09,115165,90,64,26,1799.453125,1279.611111111111
E265_10,64618,48,48,0,1346.2083333333333,1346.2083333333333
E266,125411,89,63,26,1990.6507936507937,1409.112359550562
E267,58653,41,41,0,1430.560975609756,1430.560975609756
E268,69750,49,49,0,1423.469387755102,1423.469387755102
E269,65454,47,47,0,1392.6382978723404,1392.6382978723404
E270,64770,47,47,0,1378.0851063829787,1378.0851063829787
E271,65000,47,47,0,1382.9787234042553,1382.9787234042553
E272,65401,47,47,0,1391.5106382978724,1391.5106382978724
E273,63453,47,47,0,1350.063829787234,1350.063829787234
E274,66736,48,48,0,1390.3333333333333,1390.3333333333333
E275,69097,49,49,0,1410.142857142857,1410.142857142857
E276,67918,48,48,0,1414.9583333333333,1414.9583333333333
E277,69700,49,49,0,1422.4489795918366,1422.4489795918366
E278,65262,48,48,0,1359.625,1359.625
E289,68661,49,49,0,1401.2448979591836,1401.2448979591836
E290,170248,79,79,0,2155.0379746835442,2155.0379746835442
E279,45552,49,49,0,929.6326530612245,929.6326530612245
E280,45227,49,49,0,923,923
E281,42896,46,46,0,932.5217391304348,932.5217391304348
E282,62934,48,48,0,1311.125,1311.125
E283,60975,47,47,0,1297.340425531915,1297.340425531915
E284,60172,46,46,0,1308.0869565217392,1308.0869565217392
E285,59956,46,46,0,1303.391304347826,1303.391304347826
E286,68887,49,49,0,1405.857142857143,1405.857142857143
E287,68514,49,49,0,1398.2448979591836,1398.2448979591836
E288,64497,47,47,0,1372.276595744681,1372.276595744681
E291,44903,34,34,0,1320.6764705882354,1320.6764705882354
F001,394975,288,106,82,3726.1792452830186,1371.4409722222222
F003,61424,49,35,14,1754.9714285714285,1253.5510204081634
F004,42639,34,34,0,1254.0882352941176,1254.0882352941176
F005,44062,34,34,0,1295.9411764705883,1295.9411764705883
F006,44173,34,34,0,1299.2058823529412,1299.2058823529412
F007,41087,33,33,0,1245.060606060606,1245.060606060606
F008,42932,34,34,0,1262.7058823529412,1262.7058823529412
F009,41060,33,33,0,1244.2424242424242,1244.2424242424242
F010,44030,34,34,0,1295,1295
F022,216747,175,75,56,2889.96,1238.5542857142857
F024,136504,107,52,31,2625.076923076923,1275.7383177570093
F025,495641,378,115,92,4309.921739130435,1311.2195767195767
F025_01,432638,308,114,79,3795.0701754385964,1404.6688311688313
F027,23328,89,50,28,466.56,262.1123595505618
F028,615513,402,112,92,5495.651785714285,1531.1268656716418
F028B,255181,136,93,43,2743.8817204301076,1876.3308823529412
F029,123863,91,64,27,1935.359375,1361.131868131868
F030,68743,54,37,17,1857.918918918919,1273.0185185185185
F031,114706,92,51,28,2249.1372549019607,1246.804347826087
F032,114829,92,51,28,2251.549019607843,1248.141304347826
F033,115347,92,51,28,2261.705882352941,1253.7717391304348
F034,617342,402,113,91,5463.203539823009,1535.676616915423
F035,220256,187,90,58,2447.288888888889,1177.8395721925133
F036,222022,187,90,58,2466.911111111111,1187.283422459893
F037,222254,187,90,58,2469.488888888889,1188.524064171123
F038,204169,173,90,58,2268.5444444444443,1180.1676300578035
F040,39614,32,32,0,1237.9375,1237.9375
F041,40002,32,32,0,1250.0625,1250.0625
F042,38944,32,32,0,1217,1217
F043,39671,32,32,0,1239.71875,1239.71875
F044,39708,32,32,0,1240.875,1240.875
F045,39821,32,32,0,1244.40625,1244.40625
F046,38034,32,32,0,1188.5625,1188.5625
F047,38895,32,32,0,1215.46875,1215.46875
F048,38359,31,31,0,1237.3870967741937,1237.3870967741937
F049,38243,31,31,0,1233.6451612903227,1233.6451612903227
F050,518023,331,107,83,4841.336448598131,1565.02416918429
F051,368959,249,100,69,3689.59,1481.7630522088352
F052,181577,145,78,46,2327.9102564102564,1252.2551724137932
F053,430190,331,107,83,4020.467289719626,1299.6676737160121
F054,422315,279,100,72,4223.15,1513.673835125448
F055,196322,164,70,50,2804.6,1197.0853658536585
F057,110336,101,51,31,2163.450980392157,1092.4356435643565
F059,129674,110,65,35,1994.9846153846154,1178.8545454545454
F060,40157,34,34,0,1181.0882352941176,1181.0882352941176
F062,128027,104,51,31,2510.3333333333335,1231.0288461538462
F063,621779,400,114,92,5454.201754385965,1554.4475
F064,246623,202,85,57,2901.4470588235295,1220.9059405940593
F065,233070,180,88,51,2648.5227272727275,1294.8333333333333
F066,107808,83,62,21,1738.8387096774193,1298.8915662650602
F067,43747,34,33,1,1325.6666666666667,1286.6764705882354
F102,180236,138,89,49,2025.123595505618,1306.0579710144928
F103,148411,114,86,28,1725.7093023255813,1301.8508771929824
F104,145561,113,86,27,1692.5697674418604,1288.1504424778761
F105,163225,131,85,46,1920.2941176470588,1245.9923664122136
F108,10158,6,6,0,1693,1693
F109,10311,6,6,0,1718.5,1718.5
F110,15253,9,9,0,1694.7777777777778,1694.7777777777778
F111,13541,9,9,0,1504.5555555555557,1504.5555555555557
F114A,500600,313,107,81,4678.5046728971965,1599.3610223642172
F114E,66842,48,48,0,1392.5416666666667,1392.5416666666667
F114B,158464,109,75,34,2112.8533333333335,1453.7981651376147
F114C,158278,109,75,34,2110.3733333333334,1452.091743119266
F114D,158268,109,75,34,2110.24,1452
F115,594349,386,113,92,5259.725663716814,1539.7642487046633
F116,613667,400,112,92,5479.169642857143,1534.1675
F117,637864,409,115,92,5546.643478260869,1559.5696821515892
F118,603870,401,114,91,5297.105263157895,1505.9102244389028
F119,572602,371,109,86,5253.229357798165,1543.4016172506738
F120,624951,406,115,92,5434.356521739131,1539.2881773399015
F121,631620,410,115,92,5492.347826086957,1540.5365853658536
F122,553127,372,112,88,4938.633928571428,1486.9005376344087
F123,611211,404,114,92,5361.5,1512.898514851485
F124,16785,9,9,0,1865,1865
F125,134132,105,52,31,2579.4615384615386,1277.4476190476191
F126,138795,109,53,32,2618.7735849056603,1273.348623853211
F127,138420,109,53,32,2611.698113207547,1269.908256880734
F128,136885,109,53,32,2582.735849056604,1255.8256880733945
F129,85142,67,44,23,1935.0454545454545,1270.7761194029852
F130,89262,69,46,23,1940.4782608695652,1293.6521739130435
F132,249296,133,87,35,2865.4712643678163,1874.406015037594
F135,83479,67,43,20,1941.3720930232557,1245.955223880597
F135A,143760,99,69,30,2083.478260869565,1452.121212121212
F136,80846,64,44,18,1837.409090909091,1263.21875
F139,152638,117,66,39,2312.6969696969695,1304.5982905982905
F140,62830,51,37,14,1698.1081081081081,1231.9607843137255
F141,67735,55,41,14,1652.0731707317073,1231.5454545454545
F142,62989,51,37,14,1702.4054054054054,1235.078431372549
F143,65923,53,39,14,1690.3333333333333,1243.8301886792453
F144,65138,53,39,14,1670.2051282051282,1229.0188679245282
F144_01,31102,24,24,0,1295.9166666666667,1295.9166666666667
F144_02,218771,103,87,16,2514.609195402299,2123.990291262136
F164,5501,3,3,0,1833.6666666666667,1833.6666666666667
F165,5396,3,3,0,1798.6666666666667,1798.6666666666667
F166,1188,1,1,0,1188,1188
F167,2967,2,2,0,1483.5,1483.5
F168,2996,2,2,0,1498,1498
F169,3016,2,2,0,1508,1508
F170,3033,2,2,0,1516.5,1516.5
F171,3159,2,2,0,1579.5,1579.5
F172,4823,3,3,0,1607.6666666666667,1607.6666666666667
F173,5037,3,3,0,1679,1679
F174,3103,2,2,0,1551.5,1551.5
F175,1018,1,1,0,1018,1018
F176,3080,2,2,0,1540,1540
F177,2932,2,2,0,1466,1466
F178,3061,2,2,0,1530.5,1530.5
F179,3110,2,2,0,1555,1555
F186,371,1,1,0,371,371
F187,481,1,1,0,481,481
F188,5997,3,3,0,1999,1999
F189,2418,1,1,0,2418,2418
F190,2409,1,1,0,2409,2409
F191,1823,1,1,0,1823,1823
F192,2141,1,1,0,2141,2141
F193,2402,1,1,0,2402,2402
F194,2482,1,1,0,2482,2482
F195,2485,1,1,0,2485,2485
F196,2504,1,1,0,2504,2504
F197,2491,1,1,0,2491,2491
F198,67967,49,49,0,1387.0816326530612,1387.0816326530612
F199,230231,161,88,53,2616.2613636363635,1430.0062111801242
F200,152127,109,75,34,2028.36,1395.6605504587155
F201,149087,109,75,34,1987.8266666666666,1367.7706422018348
F202,147827,109,75,34,1971.0266666666666,1356.211009174312
F203,146385,107,74,33,1978.1756756756756,1368.0841121495328
F204,81437,60,60,0,1357.2833333333333,1357.2833333333333
F205,77151,60,60,0,1285.85,1285.85
F206,68599,49,49,0,1399.9795918367347,1399.9795918367347
G001,276331,208,83,59,3329.289156626506,1328.514423076923
G001CS,14802,9,9,0,1644.6666666666667,1644.6666666666667
G002,264361,204,83,58,3185.0722891566265,1295.887254901961
G002CS,14472,9,9,0,1608,1608
G003CS,9871,7,7,0,1410.142857142857,1410.142857142857
G005,78229,57,39,18,2005.871794871795,1372.438596491228
G006,630267,411,115,92,5480.582608695652,1533.4963503649635
G007_01,61416,48,41,7,1497.9512195121952,1279.5
G007_02,1241,1,1,0,1241,1241
G007_03,2152,1,1,0,2152,2152
G007_04,740,1,1,0,740,740
G007_05,708,1,1,0,708,708
G007_06,1439,1,1,0,1439,1439
G007_07,1452,1,1,0,1452,1452
G007_08,1382,1,1,0,1382,1382
G007_09,964,1,1,0,964,964
G007_10,968,1,1,0,968,968
G007_11,837,1,1,0,837,837
G007_12,873,1,1,0,873,873
G007_13,466,1,1,0,466,466
G007_16,1248,1,1,0,1248,1248
G007_17,2596,1,1,0,2596,2596
G007_18,2623,1,1,0,2623,2623
G007_18_B,342712,191,100,64,3427.12,1794.303664921466
G007_19,2070,1,1,0,2070,2070
G007_20,2471,1,1,0,2471,2471
G007_21,1868,1,1,0,1868,1868
G007_22,2425,1,1,0,2425,2425
G007_28,1344,1,1,0,1344,1344
G007_30,1306,1,1,0,1306,1306
G007_31,726,1,1,0,726,726
G007_32,1611,1,1,0,1611,1611
G007_33_B,346764,191,100,64,3467.64,1815.5183246073298
G007_34_B,345043,190,100,63,3450.43,1816.0157894736842
G007_35_B,334898,191,100,64,3348.98,1753.392670157068
G007_36_B,334383,190,100,63,3343.83,1759.9105263157894
G007_37,11445,10,10,0,1144.5,1144.5
G007_39,8871,8,8,0,1108.875,1108.875
G007_40,3253,3,3,0,1084.3333333333333,1084.3333333333333
G007_41,1731,1,1,0,1731,1731
G007_42,3015,2,2,0,1507.5,1507.5
G007_43,3682,3,3,0,1227.3333333333333,1227.3333333333333
G007_44,2955,2,2,0,1477.5,1477.5
G007_45,3049,3,3,0,1016.3333333333334,1016.3333333333334
G007_48,1377,1,1,0,1377,1377
G007_49,1332,1,1,0,1332,1332
G007_50,1403,1,1,0,1403,1403
G007_51,1407,1,1,0,1407,1407
G007_52,753,1,1,0,753,753
G007_53,811,1,1,0,811,811
G007_54,782,1,1,0,782,782
G007_55,923,1,1,0,923,923
G007_56,2843,3,3,0,947.6666666666666,947.6666666666666
G007_57,1388,2,2,0,694,694
G007_58,2475,1,1,0,2475,2475
G007_59,2446,1,1,0,2446,2446
G007_60,2228,1,1,0,2228,2228
G007_61,2113,1,1,0,2113,2113
G007_62,2406,1,1,0,2406,2406
G007_63,2511,1,1,0,2511,2511
G007_64,903,1,1,0,903,903
G007_65,799,1,1,0,799,799
G007_66,2619,1,1,0,2619,2619
G007_67,2584,1,1,0,2584,2584
G015,54650,37,37,0,1477.027027027027,1477.027027027027
G015B,52563,35,35,0,1501.8,1501.8
G016,341665,237,100,70,3416.65,1441.6244725738397
G017,76785,58,48,10,1599.6875,1323.8793103448277
G018,3797,54,46,8,82.54347826086956,70.31481481481481
G019,150028,107,76,31,1974.0526315789473,1402.1308411214952
G020,339248,185,100,61,3392.48,1833.7729729729729
G021,345019,186,100,62,3450.19,1854.9408602150538
G022A,13319,9,6,3,2219.8333333333335,1479.888888888889
G022B,8961,5,3,2,2987,1792.2
G022C,34650,29,21,8,1650,1194.8275862068965
G022D,2890,3,2,1,1445,963.3333333333334
G022E,14776,11,9,2,1641.7777777777778,1343.2727272727273
G022F,3549,4,2,2,1774.5,887.25
G022G,2146,1,1,0,2146,2146
G022H,2112,1,1,0,2112,2112
G022I,11516,8,8,0,1439.5,1439.5
G022J,2916,2,2,0,1458,1458
G022K,21912,13,10,3,2191.2,1685.5384615384614
G022L,2727,3,2,1,1363.5,909
G022M,7174,5,4,1,1793.5,1434.8
G022N,14524,10,9,1,1613.7777777777778,1452.4
G022O,1189,1,1,0,1189,1189
G022P,1051,1,1,0,1051,1051
G022Q,2113,1,1,0,2113,2113
G022R,1221,1,1,0,1221,1221
G022S,0,0,0,0,NA,NA
G023,149185,107,76,31,1962.9605263157894,1394.252336448598
G024,8411,6,6,0,1401.8333333333333,1401.8333333333333
G025,7654,6,6,0,1275.6666666666667,1275.6666666666667
G026,322284,177,97,60,3322.5154639175257,1820.8135593220338
G026_01,1441,1,1,0,1441,1441
G027,321767,177,97,60,3317.185567010309,1817.8926553672316
G027_01,1438,1,1,0,1438,1438
G027A,269375,132,93,39,2896.505376344086,2040.719696969697
G027B,261127,133,92,41,2838.336956521739,1963.360902255639
G028,62124,46,46,0,1350.5217391304348,1350.5217391304348
G029,60293,45,45,0,1339.8444444444444,1339.8444444444444
G030,62503,46,46,0,1358.7608695652175,1358.7608695652175
G031,62735,46,46,0,1363.804347826087,1363.804347826087
G032,57657,46,46,0,1253.4130434782608,1253.4130434782608
G033,33038,24,24,0,1376.5833333333333,1376.5833333333333
G034,32969,24,24,0,1373.7083333333333,1373.7083333333333
G035,32988,24,24,0,1374.5,1374.5
G036,33119,24,24,0,1379.9583333333333,1379.9583333333333
G038,32460,24,24,0,1352.5,1352.5
G040,32051,24,24,0,1335.4583333333333,1335.4583333333333
G041,31698,24,24,0,1320.75,1320.75
G043,31224,24,24,0,1301,1301
G052,185674,79,79,0,2350.3037974683543,2350.3037974683543
G053,68946,49,49,0,1407.061224489796,1407.061224489796
G054,68410,49,49,0,1396.1224489795918,1396.1224489795918
G055,68917,49,49,0,1406.469387755102,1406.469387755102
G056,64492,48,48,0,1343.5833333333333,1343.5833333333333
G057,68631,49,49,0,1400.6326530612246,1400.6326530612246
G058,68720,49,49,0,1402.4489795918366,1402.4489795918366
G059,69335,49,49,0,1415,1415
G060,68884,49,49,0,1405.795918367347,1405.795918367347
G061,66201,48,48,0,1379.1875,1379.1875
G062,185917,79,79,0,2353.3797468354433,2353.3797468354433
G063,185040,79,79,0,2342.278481012658,2342.278481012658
G255,189620,79,79,0,2400.253164556962,2400.253164556962
H001,158144,109,75,34,2108.5866666666666,1450.8623853211009
H002_01,152195,108,75,33,2029.2666666666667,1409.212962962963
H002_02,151455,107,74,33,2046.6891891891892,1415.4672897196263
H002_03,146854,107,75,32,1958.0533333333333,1372.4672897196263
H002_04,145189,108,75,33,1935.8533333333332,1344.3425925925926
H002_05,140383,107,74,33,1897.0675675675675,1311.9906542056074
H003_01,153466,108,75,33,2046.2133333333334,1420.9814814814815
H003_02,153828,108,75,33,2051.04,1424.3333333333333
H003_03,148340,105,74,31,2004.5945945945946,1412.7619047619048
H004,158513,109,75,34,2113.5066666666667,1454.2477064220184
H005,156827,109,75,34,2091.0266666666666,1438.7798165137615
H006_01,152337,109,75,34,2031.16,1397.5871559633028
H006_02,149632,109,75,34,1995.0933333333332,1372.7706422018348
H006_03,155207,108,75,33,2069.4266666666667,1437.101851851852
H006_04,155186,108,75,33,2069.1466666666665,1436.9074074074074
H006_05,146478,103,73,30,2006.5479452054794,1422.116504854369
H006_06,81254,59,59,0,1377.1864406779662,1377.1864406779662
H007,83899,60,60,0,1398.3166666666666,1398.3166666666666
H008_01,158781,109,75,34,2117.08,1456.7064220183486
H011,183008,78,78,0,2346.25641025641,2346.25641025641
H008_02,158253,109,75,34,2110.04,1451.8623853211009
H008_03,158350,109,75,34,2111.3333333333335,1452.7522935779816
H008_04,158339,109,75,34,2111.1866666666665,1452.651376146789
H008_05,66422,48,48,0,1383.7916666666667,1383.7916666666667
H008_06,63368,47,47,0,1348.2553191489362,1348.2553191489362
H008_07,69504,49,49,0,1418.4489795918366,1418.4489795918366
H008_08,69799,49,49,0,1424.469387755102,1424.469387755102
H008_09,70354,49,49,0,1435.795918367347,1435.795918367347
H009,184307,78,78,0,2362.9102564102564,2362.9102564102564
H010,182120,78,78,0,2334.871794871795,2334.871794871795
I001,151172,109,75,34,2015.6266666666668,1386.8990825688074
I002,155443,109,75,34,2072.5733333333333,1426.0825688073394
V001A,186727,102,86,16,2171.2441860465115,1830.6568627450981
V002A,186975,102,86,16,2174.1279069767443,1833.0882352941176
V004AM,173272,78,78,0,2221.4358974358975,2221.4358974358975
V004AF,170451,78,78,0,2185.269230769231,2185.269230769231
V004RM,173272,78,78,0,2221.4358974358975,2221.4358974358975
V004RF,170451,78,78,0,2185.269230769231,2185.269230769231
V097EF,168174,78,78,0,2156.076923076923,2156.076923076923
W001,19768,24,24,0,823.6666666666666,823.6666666666666
W002A2,123701,78,78,0,1585.9102564102564,1585.9102564102564
W002R,143323,102,86,16,1666.546511627907,1405.1274509803923
W004,8717,24,24,0,363.2083333333333,363.2083333333333
W006E,81363,48,48,0,1695.0625,1695.0625
W007,1963,24,24,0,81.79166666666667,81.79166666666667
W008,13615,24,24,0,567.2916666666666,567.2916666666666
W009,2528,24,24,0,105.33333333333333,105.33333333333333
W010,19214,24,24,0,800.5833333333334,800.5833333333334
W011,19356,24,24,0,806.5,806.5
W012,120329,78,78,0,1542.679487179487,1542.679487179487
X001,654439,411,115,92,5690.773913043478,1592.30900243309
X002,646713,408,114,92,5672.921052631579,1585.0808823529412
X002_02A,187808,102,86,16,2183.813953488372,1841.2549019607843
X002_03,3054,24,24,0,127.25,127.25
X003,653835,411,115,92,5685.521739130435,1590.8394160583941
X006_02,1133,24,24,0,47.208333333333336,47.208333333333336
X007,652862,413,115,92,5677.060869565217,1580.7796610169491
X007_02,14525,24,24,0,605.2083333333334,605.2083333333334
X008,40670,32,32,0,1270.9375,1270.9375
X010,14520,11,11,0,1320,1320
X011,608400,384,112,91,5432.142857142857,1584.375
X011A,29656,24,24,0,1235.6666666666667,1235.6666666666667
X013,211206,96,83,13,2544.6506024096384,2200.0625
X023,349162,277,106,80,3293.9811320754716,1260.5126353790613
X023R,133588,108,51,32,2619.372549019608,1236.9259259259259
X024B,12112,7,7,0,1730.2857142857142,1730.2857142857142
X025,370971,273,110,85,3372.4636363636364,1358.868131868132
X025A2,189551,79,79,0,2399.3797468354433,2399.3797468354433
X025CSWVS,211653,147,81,39,2613,1439.8163265306123
X025LIT,78485,52,52,0,1509.326923076923,1509.326923076923
X025R,578416,352,115,92,5029.704347826087,1643.2272727272727
X026,583583,376,112,91,5210.5625,1552.0824468085107
X028,644183,407,115,92,5601.591304347826,1582.7592137592137
X028_01,16234,24,24,0,676.4166666666666,676.4166666666666
X031,167441,166,100,57,1674.41,1008.6807228915662
X032R,4412,30,30,0,147.06666666666666,147.06666666666666
X034,1506,28,28,0,53.785714285714285,53.785714285714285
X036,272740,237,95,68,2870.9473684210525,1150.801687763713
X036E,119343,49,49,0,2435.5714285714284,2435.5714285714284
X040,463665,344,111,91,4177.1621621621625,1347.8633720930231
X041,219400,268,106,81,2069.811320754717,818.6567164179105
X043,152006,219,92,66,1652.2391304347825,694.0913242009133
X044,351078,255,101,73,3476.019801980198,1376.7764705882353
X045,359240,257,103,72,3487.766990291262,1397.8210116731518
X045B,5491,3,3,0,1830.3333333333333,1830.3333333333333
X047,524356,351,113,90,4640.3185840707965,1493.8917378917379
X047R,428762,335,111,89,3862.7207207207207,1279.886567164179
X048WVS,380027,266,101,74,3762.6435643564355,1428.672932330827
X049,363892,269,106,81,3432.943396226415,1352.7583643122678
X050,30144,24,24,0,1256,1256
X050B,68186,48,48,0,1420.5416666666667,1420.5416666666667
X051,316642,219,98,62,3231.0408163265306,1445.853881278539
X052,256796,192,99,65,2593.89898989899,1337.4791666666667
X053,123217,113,79,34,1559.7088607594937,1090.41592920354
X054,122892,113,79,34,1555.5949367088608,1087.5398230088495
X055,123005,113,79,34,1557.0253164556962,1088.5398230088495
X003R,532887,380,115,92,4633.8,1402.3342105263157
X003R2,532887,380,115,92,4633.8,1402.3342105263157
X048ISO,367351,202,95,55,3866.8526315789472,1818.569306930693
X050C,92775,61,51,6,1819.1176470588234,1520.9016393442623
Y001,388020,297,110,81,3527.4545454545455,1306.4646464646464
Y002,619747,408,113,92,5484.486725663717,1518.9877450980391
Y003,411965,287,104,77,3961.201923076923,1435.418118466899
Y010,408907,287,103,76,3969.970873786408,1424.7630662020906
Y011,413284,291,104,76,3973.8846153846152,1420.2199312714777
Y012,409917,287,103,76,3979.776699029126,1428.2822299651568
Y013,401342,283,103,74,3896.5242718446602,1418.1696113074204
Y014,393694,281,102,75,3859.7450980392155,1401.0462633451957
Y020,411329,289,104,77,3955.0865384615386,1423.2837370242214
Y021,421254,291,104,77,4050.519230769231,1447.6082474226805
Y022,368090,260,103,73,3573.6893203883496,1415.7307692307693
Y023,398966,286,104,77,3836.2115384615386,1394.986013986014
Y024,405167,289,103,77,3933.660194174757,1401.961937716263
TradAgg,276762,250,98,68,2824.1020408163267,1107.048
SurvSAgg,276762,250,98,68,2824.1020408163267,1107.048
--...1032,120251,79,79,0,1522.1645569620252,1522.1645569620252
--...1033,120251,79,79,0,1522.1645569620252,1522.1645569620252
--...1034,120251,79,79,0,1522.1645569620252,1522.1645569620252
...1035,120251,79,79,0,1522.1645569620252,1522.1645569620252
--...1036,120251,79,79,0,1522.1645569620252,1522.1645569620252
--...1037,120251,79,79,0,1522.1645569620252,1522.1645569620252
--...1038,120251,79,79,0,1522.1645569620252,1522.1645569620252
--...1039,120251,79,79,0,1522.1645569620252,1522.1645569620252
Q_MODE,120251,79,79,0,1522.1645569620252,1522.1645569620252
--...1041,49384,30,30,0,1646.1333333333334,1646.1333333333334
--...1042,3851,3,3,0,1283.6666666666667,1283.6666666666667
--...1043,7405,5,5,0,1481,1481
--...1044,3379,2,2,0,1689.5,1689.5
--...1045,3379,2,2,0,1689.5,1689.5
--...1046,3379,2,2,0,1689.5,1689.5
--...1047,3376,2,2,0,1688,1688
--...1048,2855,2,2,0,1427.5,1427.5
--...1049,2823,2,2,0,1411.5,1411.5
S_INTLANGUAGE,120245,79,79,0,1522.0886075949368,1522.0886075949368
--...1051,120251,79,79,0,1522.1645569620252,1522.1645569620252
W_Weight,120251,79,79,0,1522.1645569620252,1522.1645569620252
--...1053,120251,79,79,0,1522.1645569620252,1522.1645569620252
--...1054,120251,79,79,0,1522.1645569620252,1522.1645569620252
--...1055,120251,79,79,0,1522.1645569620252,1522.1645569620252
G_TOWNSIZE2,111530,76,76,0,1467.5,1467.5
Q94R,118304,79,79,0,1497.5189873417721,1497.5189873417721
Q96R,118202,79,79,0,1496.2278481012659,1496.2278481012659
Q97R,118711,79,79,0,1502.6708860759493,1502.6708860759493
Q98R,118586,79,79,0,1501.0886075949368,1501.0886075949368
Q99R,118493,79,79,0,1499.9113924050632,1499.9113924050632
Q100R,118507,79,79,0,1500.0886075949368,1500.0886075949368
Q95R,118466,79,79,0,1499.5696202531647,1499.5696202531647
Q102R,118315,79,79,0,1497.6582278481012,1497.6582278481012
Q105R,118738,79,79,0,1503.012658227848,1503.012658227848
Q101R,118188,79,79,0,1496.0506329113923,1496.0506329113923
Q103R,113648,79,79,0,1438.5822784810127,1438.5822784810127
--...1068,119141,79,79,0,1508.113924050633,1508.113924050633
C001,208769,152,83,37,2515.289156626506,1373.4802631578948
--...1070,119001,79,79,0,1506.3417721518988,1506.3417721518988
D026_03,151804,103,87,16,1744.8735632183907,1473.8252427184466
D026_05,152177,103,87,16,1749.16091954023,1477.4466019417475
Q82,117471,79,79,0,1486.9746835443038,1486.9746835443038
Q223_WVS,116066,78,78,0,1488.025641025641,1488.025641025641
--...1075,112883,79,79,0,1428.8987341772151,1428.8987341772151
Q289,105311,78,78,0,1350.1410256410256,1350.1410256410256
--...1077,102803,78,78,0,1317.9871794871794,1317.9871794871794
--...1078,119694,79,79,0,1515.113924050633,1515.113924050633
--...1079,119694,79,79,0,1515.113924050633,1515.113924050633
--...1080,120251,79,79,0,1522.1645569620252,1522.1645569620252
--...1081,120251,79,79,0,1522.1645569620252,1522.1645569620252
--...1082,120251,79,79,0,1522.1645569620252,1522.1645569620252
--...1083,42887,30,30,0,1429.5666666666666,1429.5666666666666
--...1084,25999,30,30,0,866.6333333333333,866.6333333333333
--...1085,42058,29,29,0,1450.2758620689656,1450.2758620689656
s002vs,659369,414,115,92,5733.643478260869,1592.6787439613527
za_nr,114835,91,40,29,2870.875,1261.923076923077
version,114835,91,40,29,2870.875,1261.923076923077
doi,114835,91,40,29,2870.875,1261.923076923077
S002EVS,114835,91,40,29,2870.875,1261.923076923077
S003A,114835,91,40,29,2870.875,1261.923076923077
S007_01,114835,91,40,29,2870.875,1261.923076923077
S009,114835,91,40,29,2870.875,1261.923076923077
S009A,114835,91,40,29,2870.875,1261.923076923077
S010_01,32983,24,24,0,1374.2916666666667,1374.2916666666667
S010_02,32982,24,24,0,1374.25,1374.25
S010_03,31413,23,23,0,1365.7826086956522,1365.7826086956522
S010_04,31411,23,23,0,1365.695652173913,1365.695652173913
S011,31410,23,23,0,1365.6521739130435,1365.6521739130435
S014,13170,11,11,0,1197.2727272727273,1197.2727272727273
S015,13117,11,11,0,1192.4545454545455,1192.4545454545455
S017A,114835,91,40,29,2870.875,1261.923076923077
S018A,0,0,0,0,NA,NA
S019A,0,0,0,0,NA,NA
S021A,114835,91,40,29,2870.875,1261.923076923077
S022,108914,85,40,26,2722.85,1281.3411764705882
S023,110153,86,40,27,2753.825,1280.8488372093022
S024A,114835,91,40,29,2870.875,1261.923076923077
S025A,114835,91,40,29,2870.875,1261.923076923077
S026,0,0,0,0,NA,NA
S027,0,0,0,0,NA,NA
S028,0,0,0,0,NA,NA
S029,114835,91,40,29,2870.875,1261.923076923077
S030,114835,91,40,29,2870.875,1261.923076923077
S031,114835,91,40,29,2870.875,1261.923076923077
S032,114835,91,40,29,2870.875,1261.923076923077
S033,114835,91,40,29,2870.875,1261.923076923077
S034,114835,91,40,29,2870.875,1261.923076923077
S035,114835,91,40,29,2870.875,1261.923076923077
S036,114835,91,40,29,2870.875,1261.923076923077
A001_CO,0,0,0,0,NA,NA
A002_CO,0,0,0,0,NA,NA
A003_CO,0,0,0,0,NA,NA
A004_CO,0,0,0,0,NA,NA
A005_CO,0,0,0,0,NA,NA
A006_CO,0,0,0,0,NA,NA
A020,15785,14,14,0,1127.5,1127.5
A021,15768,14,14,0,1126.2857142857142,1126.2857142857142
A022,15742,14,14,0,1124.4285714285713,1124.4285714285713
A023,15743,14,14,0,1124.5,1124.5
A024,15756,14,14,0,1125.4285714285713,1125.4285714285713
A026_01,32155,24,24,0,1339.7916666666667,1339.7916666666667
A028,15799,14,14,0,1128.5,1128.5
A031,15799,14,14,0,1128.5,1128.5
A033,15799,14,14,0,1128.5,1128.5
A036,15799,14,14,0,1128.5,1128.5
A037,15799,14,14,0,1128.5,1128.5
A043,15799,14,14,0,1128.5,1128.5
A043_01,30074,24,24,0,1253.0833333333333,1253.0833333333333
A043_01F,33552,24,24,0,1398,1398
A043_F,114835,91,40,29,2870.875,1261.923076923077
A050,15670,14,14,0,1119.2857142857142,1119.2857142857142
A050_01,33297,24,24,0,1387.375,1387.375
A050_02,33300,24,24,0,1387.5,1387.5
A050_03,33196,24,24,0,1383.1666666666667,1383.1666666666667
A050_04,33132,24,24,0,1380.5,1380.5
A051,15799,14,14,0,1128.5,1128.5
A052,15799,14,14,0,1128.5,1128.5
A053,15799,14,14,0,1128.5,1128.5
A054,15799,14,14,0,1128.5,1128.5
A055,14845,13,13,0,1141.923076923077,1141.923076923077
A056,15799,14,14,0,1128.5,1128.5
A078,15799,14,14,0,1128.5,1128.5
A080_F,49351,38,32,6,1542.21875,1298.7105263157894
A095,15799,14,14,0,1128.5,1128.5
A097_F,49351,38,32,6,1542.21875,1298.7105263157894
A121,15262,14,14,0,1090.142857142857,1090.142857142857
A122,15651,14,14,0,1117.9285714285713,1117.9285714285713
A123,14517,14,14,0,1036.9285714285713,1036.9285714285713
A124_26,111447,90,40,28,2786.175,1238.3
A124_39,15799,14,14,0,1128.5,1128.5
A124_40,15799,14,14,0,1128.5,1128.5
A124_41,15799,14,14,0,1128.5,1128.5
A166,15108,14,14,0,1079.142857142857,1079.142857142857
A167,15216,14,14,0,1086.857142857143,1086.857142857143
A168_01,33173,24,24,0,1382.2083333333333,1382.2083333333333
A171,15423,14,14,0,1101.642857142857,1101.642857142857
A172,12239,14,14,0,874.2142857142857,874.2142857142857
B024,27826,24,24,0,1159.4166666666667,1159.4166666666667
B025,31202,24,24,0,1300.0833333333333,1300.0833333333333
B026,28013,24,24,0,1167.2083333333333,1167.2083333333333
B027,28330,24,24,0,1180.4166666666667,1180.4166666666667
B028,29582,24,24,0,1232.5833333333333,1232.5833333333333
B029,29598,24,24,0,1233.25,1233.25
C003,10345,8,8,0,1293.125,1293.125
C007,14728,14,14,0,1052,1052
C026,15539,12,12,0,1294.9166666666667,1294.9166666666667
C027,9721,8,8,0,1215.125,1215.125
C027_1,32785,24,24,0,1366.0416666666667,1366.0416666666667
C027_2,32759,24,24,0,1364.9583333333333,1364.9583333333333
C027_3,32594,24,24,0,1358.0833333333333,1358.0833333333333
C027_4,32909,24,24,0,1371.2083333333333,1371.2083333333333
C028,112805,91,40,29,2820.125,1239.6153846153845
C028_F,87055,68,40,22,2176.375,1280.2205882352941
C029,71068,54,37,17,1920.7567567567567,1316.0740740740741
C030,8186,14,14,0,584.7142857142857,584.7142857142857
C032,8257,14,14,0,589.7857142857143,589.7857142857143
C035,9747,14,14,0,696.2142857142857,696.2142857142857
C042B7,27683,23,23,0,1203.608695652174,1203.608695652174
C049,8625,14,14,0,616.0714285714286,616.0714285714286
C050,8625,14,14,0,616.0714285714286,616.0714285714286
C051,8625,14,14,0,616.0714285714286,616.0714285714286
C052,8625,14,14,0,616.0714285714286,616.0714285714286
C053,8625,14,14,0,616.0714285714286,616.0714285714286
C054,8625,14,14,0,616.0714285714286,616.0714285714286
C055,8625,14,14,0,616.0714285714286,616.0714285714286
C056,8625,14,14,0,616.0714285714286,616.0714285714286
C057,8243,12,12,0,686.9166666666666,686.9166666666666
C057_F,15799,14,14,0,1128.5,1128.5
C058,7788,12,12,0,649,649
D001,27426,23,23,0,1192.4347826086957,1192.4347826086957
D004,32239,36,24,12,1343.2916666666667,895.5277777777778
D005,32222,36,24,12,1342.5833333333333,895.0555555555555
D006,32176,36,24,12,1340.6666666666667,893.7777777777778
D007,32214,36,24,12,1342.25,894.8333333333334
D008,32374,36,24,12,1348.9166666666667,899.2777777777778
D008_F,43579,37,24,13,1815.7916666666667,1177.8108108108108
D009,8873,10,10,0,887.3,887.3
D010,41863,37,24,13,1744.2916666666667,1131.4324324324325
D011,41857,37,24,13,1744.0416666666667,1131.2702702702702
D012,41774,37,24,13,1740.5833333333333,1129.027027027027
D013,41681,37,24,13,1736.7083333333333,1126.5135135135135
D014,41144,37,24,13,1714.3333333333333,1112
D015_F,43579,37,24,13,1815.7916666666667,1177.8108108108108
D020,69127,54,37,17,1868.2972972972973,1280.1296296296296
D021,13781,14,14,0,984.3571428571429,984.3571428571429
D026,69907,54,37,17,1889.3783783783783,1294.5740740740741
D026_01,31625,24,24,0,1317.7083333333333,1317.7083333333333
D026_02,32893,24,24,0,1370.5416666666667,1370.5416666666667
D026_04,33203,24,24,0,1383.4583333333333,1383.4583333333333
D039,70527,54,37,17,1906.1351351351352,1306.0555555555557
D040,37243,30,30,0,1241.4333333333334,1241.4333333333334
D041,37144,30,30,0,1238.1333333333334,1238.1333333333334
D042,26527,23,23,0,1153.3478260869565,1153.3478260869565
D044,15799,14,14,0,1128.5,1128.5
D044A,15799,14,14,0,1128.5,1128.5
D045,15799,14,14,0,1128.5,1128.5
D046,15799,14,14,0,1128.5,1128.5
D047,15799,14,14,0,1128.5,1128.5
D048,15799,14,14,0,1128.5,1128.5
D049,15799,14,14,0,1128.5,1128.5
D050,15799,14,14,0,1128.5,1128.5
D051,15799,14,14,0,1128.5,1128.5
D052,15799,14,14,0,1128.5,1128.5
D053,14845,13,13,0,1141.923076923077,1141.923076923077
D053_F,15799,14,14,0,1128.5,1128.5
D064,65324,51,37,14,1765.5135135135135,1280.8627450980391
D064_01,32831,24,24,0,1367.9583333333333,1367.9583333333333
D065,31138,27,27,0,1153.2592592592594,1153.2592592592594
E001_F,27780,23,23,0,1207.8260869565217,1207.8260869565217
E001_HK,0,0,0,0,NA,NA
E002_HK,0,0,0,0,NA,NA
E003_F,77131,61,37,18,2084.6216216216217,1264.4426229508197
E005_F,27780,23,23,0,1207.8260869565217,1207.8260869565217
E005_HK,0,0,0,0,NA,NA
E006_HK,0,0,0,0,NA,NA
E011,14331,14,14,0,1023.6428571428571,1023.6428571428571
E013,14230,14,14,0,1016.4285714285714,1016.4285714285714
E021,33360,30,30,0,1112,1112
E024,15693,14,14,0,1120.9285714285713,1120.9285714285713
E030,15108,14,14,0,1079.142857142857,1079.142857142857
E031,15035,14,14,0,1073.9285714285713,1073.9285714285713
E042,66977,54,37,17,1810.1891891891892,1240.3148148148148
E043,19837,16,16,0,1239.8125,1239.8125
E044,13964,11,11,0,1269.4545454545455,1269.4545454545455
E056_F,27780,23,23,0,1207.8260869565217,1207.8260869565217
E117_IQA,0,0,0,0,NA,NA
E117_IQB,0,0,0,0,NA,NA
E144,24114,21,20,1,1205.7,1148.2857142857142
E145,31860,30,30,0,1062,1062
E146,35435,29,29,0,1221.896551724138,1221.896551724138
E148,35612,29,29,0,1228,1228
E149,19200,14,14,0,1371.4285714285713,1371.4285714285713
E151,68564,54,37,17,1853.081081081081,1269.7037037037037
E152,68805,54,37,17,1859.5945945945946,1274.1666666666667
E153,70718,54,37,17,1911.2972972972973,1309.5925925925926
E162_01,33160,24,24,0,1381.6666666666667,1381.6666666666667
E163,37216,30,30,0,1240.5333333333333,1240.5333333333333
E164,36981,30,30,0,1232.7,1232.7
E165,36806,30,30,0,1226.8666666666666,1226.8666666666666
E166,36269,30,30,0,1208.9666666666667,1208.9666666666667
E167,36728,30,30,0,1224.2666666666667,1224.2666666666667
E168,19102,26,26,0,734.6923076923077,734.6923076923077
E169,19111,26,26,0,735.0384615384615,735.0384615384615
E170,18882,26,26,0,726.2307692307693,726.2307692307693
E171,18914,26,26,0,727.4615384615385,727.4615384615385
E172,18713,26,26,0,719.7307692307693,719.7307692307693
E173,7086,26,26,0,272.53846153846155,272.53846153846155
E174,7057,26,26,0,271.4230769230769,271.4230769230769
E175,7023,26,26,0,270.11538461538464,270.11538461538464
E176,7013,26,26,0,269.7307692307692,269.7307692307692
E177,6905,26,26,0,265.5769230769231,265.5769230769231
E178,15705,14,14,0,1121.7857142857142,1121.7857142857142
E178_01,29970,24,24,0,1248.75,1248.75
E179,70168,85,40,28,1754.2,825.5058823529412
E179_01,16943,24,24,0,705.9583333333334,705.9583333333334
E179_F,27780,23,23,0,1207.8260869565217,1207.8260869565217
E179WVS,0,0,0,0,NA,NA
E180,13886,17,17,0,816.8235294117648,816.8235294117648
E181,15153,69,38,26,398.7631578947368,219.6086956521739
E181_01,2317,24,24,0,96.54166666666667,96.54166666666667
E183,5770,14,14,0,412.14285714285717,412.14285714285717
E187,15791,14,14,0,1127.9285714285713,1127.9285714285713
E191_f,99036,77,39,27,2539.3846153846152,1286.1818181818182
E197,46621,37,31,6,1503.9032258064517,1260.027027027027
F002,15501,14,14,0,1107.2142857142858,1107.2142857142858
F011,15009,14,14,0,1072.0714285714287,1072.0714285714287
F012,15445,14,14,0,1103.2142857142858,1103.2142857142858
F014,15799,14,14,0,1128.5,1128.5
F015,15799,14,14,0,1128.5,1128.5
F016,15799,14,14,0,1128.5,1128.5
F017,15799,14,14,0,1128.5,1128.5
F018,15799,14,14,0,1128.5,1128.5
F019,15799,14,14,0,1128.5,1128.5
F020,14599,13,13,0,1123,1123
F021,14845,13,13,0,1141.923076923077,1141.923076923077
F022_01,31713,24,24,0,1321.375,1321.375
F023,14398,14,14,0,1028.4285714285713,1028.4285714285713
F026,59572,54,37,17,1610.054054054054,1103.1851851851852
F027_01,2192,23,23,0,95.30434782608695,95.30434782608695
F039,14171,14,14,0,1012.2142857142857,1012.2142857142857
F056,30527,30,30,0,1017.5666666666667,1017.5666666666667
F058,9128,8,8,0,1141,1141
F061,10035,8,8,0,1254.375,1254.375
F062_01,30293,24,24,0,1262.2083333333333,1262.2083333333333
F062_02,32746,24,24,0,1364.4166666666667,1364.4166666666667
F062_03,30317,24,24,0,1263.2083333333333,1263.2083333333333
F068,14618,14,14,0,1044.142857142857,1044.142857142857
F069,14815,14,14,0,1058.2142857142858,1058.2142857142858
F070,15037,14,14,0,1074.0714285714287,1074.0714285714287
F071,15252,14,14,0,1089.4285714285713,1089.4285714285713
F072,15359,14,14,0,1097.0714285714287,1097.0714285714287
F073,14996,14,14,0,1071.142857142857,1071.142857142857
F074,15335,14,14,0,1095.357142857143,1095.357142857143
F075,15184,14,14,0,1084.5714285714287,1084.5714285714287
F076,15006,14,14,0,1071.857142857143,1071.857142857143
F077,15090,14,14,0,1077.857142857143,1077.857142857143
F078,13041,14,14,0,931.5,931.5
F079,13391,14,14,0,956.5,956.5
F080,13686,14,14,0,977.5714285714286,977.5714285714286
F081,13896,14,14,0,992.5714285714286,992.5714285714286
F082,14109,14,14,0,1007.7857142857143,1007.7857142857143
F083,13844,14,14,0,988.8571428571429,988.8571428571429
F084,14069,14,14,0,1004.9285714285714,1004.9285714285714
F085,13754,14,14,0,982.4285714285714,982.4285714285714
F086,13668,14,14,0,976.2857142857143,976.2857142857143
F087,13715,14,14,0,979.6428571428571,979.6428571428571
F088,15027,14,14,0,1073.357142857143,1073.357142857143
F089,15034,14,14,0,1073.857142857143,1073.857142857143
F090,15130,14,14,0,1080.7142857142858,1080.7142857142858
F091,14922,14,14,0,1065.857142857143,1065.857142857143
F092,1399,14,14,0,99.92857142857143,99.92857142857143
F093,15001,14,14,0,1071.5,1071.5
F094,15293,14,14,0,1092.357142857143,1092.357142857143
F095,15025,14,14,0,1073.2142857142858,1073.2142857142858
F096,15455,14,14,0,1103.9285714285713,1103.9285714285713
F097,9671,7,7,0,1381.5714285714287,1381.5714285714287
F098,37176,30,30,0,1239.2,1239.2
F099,65271,54,37,17,1764.081081081081,1208.7222222222222
F100,20701,15,15,0,1380.0666666666666,1380.0666666666666
F101,17288,13,13,0,1329.8461538461538,1329.8461538461538
F106,13776,12,12,0,1148,1148
F107,9823,7,7,0,1403.2857142857142,1403.2857142857142
F112,8021,6,6,0,1336.8333333333333,1336.8333333333333
F113,14570,12,12,0,1214.1666666666667,1214.1666666666667
F114,111860,91,40,29,2796.5,1229.2307692307693
F114_01,0,0,0,0,NA,NA
F114_02,0,0,0,0,NA,NA
F114_03,0,0,0,0,NA,NA
F131,68118,54,37,17,1841.027027027027,1261.4444444444443
F133,36632,30,30,0,1221.0666666666666,1221.0666666666666
F134,37122,30,30,0,1237.4,1237.4
F137,49945,40,30,10,1664.8333333333333,1248.625
F138,48097,39,30,9,1603.2333333333333,1233.2564102564102
F145,32714,28,28,0,1168.357142857143,1168.357142857143
F146,33249,28,28,0,1187.4642857142858,1187.4642857142858
F147,31902,28,28,0,1139.357142857143,1139.357142857143
F148,31769,28,28,0,1134.607142857143,1134.607142857143
F149,34226,28,28,0,1222.357142857143,1222.357142857143
F150,34163,28,28,0,1220.107142857143,1220.107142857143
F151,34222,28,28,0,1222.2142857142858,1222.2142857142858
F152,31548,28,28,0,1126.7142857142858,1126.7142857142858
F153,17981,13,13,0,1383.1538461538462,1383.1538461538462
F154,19405,14,14,0,1386.0714285714287,1386.0714285714287
F155,18868,14,14,0,1347.7142857142858,1347.7142857142858
F156,15621,14,14,0,1115.7857142857142,1115.7857142857142
F157,14063,13,13,0,1081.7692307692307,1081.7692307692307
F158,15335,14,14,0,1095.357142857143,1095.357142857143
F159,15032,13,13,0,1156.3076923076924,1156.3076923076924
F160,5429,4,4,0,1357.25,1357.25
F161,5420,4,4,0,1355,1355
F163,4425,3,3,0,1475,1475
G001_F,77131,61,37,18,2084.6216216216217,1264.4426229508197
G001CS_F,2101,1,1,0,2101,2101
G003,30835,29,29,0,1063.2758620689656,1063.2758620689656
G014,25803,23,22,1,1172.8636363636363,1121.8695652173913
G037,32922,24,24,0,1371.75,1371.75
G039,32241,24,24,0,1343.375,1343.375
G042,31376,24,24,0,1307.3333333333333,1307.3333333333333
G044,32624,24,24,0,1359.3333333333333,1359.3333333333333
G045,31508,24,24,0,1312.8333333333333,1312.8333333333333
G046,31600,24,24,0,1316.6666666666667,1316.6666666666667
G047,31937,24,24,0,1330.7083333333333,1330.7083333333333
G048,30815,24,24,0,1283.9583333333333,1283.9583333333333
G049,31082,24,24,0,1295.0833333333333,1295.0833333333333
G050,31837,24,24,0,1326.5416666666667,1326.5416666666667
G051,29283,24,24,0,1220.125,1220.125
U001A,32820,24,24,0,1367.5,1367.5
U001B,1315,24,24,0,54.791666666666664,54.791666666666664
U002A,32789,24,24,0,1366.2083333333333,1366.2083333333333
U002B,1549,24,24,0,64.54166666666667,64.54166666666667
U003A,33302,24,24,0,1387.5833333333333,1387.5833333333333
U003B,2245,24,24,0,93.54166666666667,93.54166666666667
U004A,32923,24,24,0,1371.7916666666667,1371.7916666666667
U004B,4730,24,24,0,197.08333333333334,197.08333333333334
U005A,33245,24,24,0,1385.2083333333333,1385.2083333333333
U005B,13773,24,24,0,573.875,573.875
U006A,33299,24,24,0,1387.4583333333333,1387.4583333333333
U006B,10406,24,24,0,433.5833333333333,433.5833333333333
V001,33317,24,24,0,1388.2083333333333,1388.2083333333333
V002,33435,24,24,0,1393.125,1393.125
V003,33526,24,24,0,1396.9166666666667,1396.9166666666667
V004A,30612,24,24,0,1275.5,1275.5
V004B,30612,24,24,0,1275.5,1275.5
V004C,30612,24,24,0,1275.5,1275.5
V004D,30641,24,24,0,1276.7083333333333,1276.7083333333333
V004E,30612,24,24,0,1275.5,1275.5
V004R,30612,24,24,0,1275.5,1275.5
V005,31055,24,24,0,1293.9583333333333,1293.9583333333333
V006_2,26213,24,24,0,1092.2083333333333,1092.2083333333333
V006_3,26213,24,24,0,1092.2083333333333,1092.2083333333333
V006_4,26213,24,24,0,1092.2083333333333,1092.2083333333333
V007A,26213,24,24,0,1092.2083333333333,1092.2083333333333
V007B,26213,24,24,0,1092.2083333333333,1092.2083333333333
V007C,26213,24,24,0,1092.2083333333333,1092.2083333333333
V007D,26213,24,24,0,1092.2083333333333,1092.2083333333333
V008,4455,24,24,0,185.625,185.625
V009,19792,24,24,0,824.6666666666666,824.6666666666666
V010,3680,24,24,0,153.33333333333334,153.33333333333334
V011,30409,24,24,0,1267.0416666666667,1267.0416666666667
V012,30801,24,24,0,1283.375,1283.375
V013,30466,24,24,0,1269.4166666666667,1269.4166666666667
V014,30858,24,24,0,1285.75,1285.75
V015,28061,24,24,0,1169.2083333333333,1169.2083333333333
V016,28344,24,24,0,1181,1181
V017,28254,24,24,0,1177.25,1177.25
V018,28620,23,23,0,1244.3478260869565,1244.3478260869565
W001A,1852,24,24,0,77.16666666666667,77.16666666666667
W002A,19622,24,24,0,817.5833333333334,817.5833333333334
W002B,19622,24,24,0,817.5833333333334,817.5833333333334
W002C,19622,24,24,0,817.5833333333334,817.5833333333334
W002D,19637,24,24,0,818.2083333333334,818.2083333333334
W002E,19622,24,24,0,817.5833333333334,817.5833333333334
W003,19675,24,24,0,819.7916666666666,819.7916666666666
W005_2,16417,24,24,0,684.0416666666666,684.0416666666666
W005_3,0,0,0,0,NA,NA
W005_4,0,0,0,0,NA,NA
W006A,16417,24,24,0,684.0416666666666,684.0416666666666
W006B,16417,24,24,0,684.0416666666666,684.0416666666666
W006C,16417,24,24,0,684.0416666666666,684.0416666666666
W006D,16417,24,24,0,684.0416666666666,684.0416666666666
X002_01,33463,24,24,0,1394.2916666666667,1394.2916666666667
X002_01A,2341,23,23,0,101.78260869565217,101.78260869565217
X002_02,33472,24,24,0,1394.6666666666667,1394.6666666666667
X004,49927,54,37,17,1349.3783783783783,924.574074074074
X005,25310,30,30,0,843.6666666666666,843.6666666666666
X006,54492,52,37,15,1472.7567567567567,1047.923076923077
X006_01,2090,24,24,0,87.08333333333333,87.08333333333333
X007_01,23912,24,24,0,996.3333333333334,996.3333333333334
X009,25283,30,30,0,842.7666666666667,842.7666666666667
X009_01,2172,24,24,0,90.5,90.5
X011_01,33337,24,24,0,1389.0416666666667,1389.0416666666667
X011_02,22671,24,24,0,944.625,944.625
X012,19016,23,23,0,826.7826086956521,826.7826086956521
X014,36137,29,29,0,1246.103448275862,1246.103448275862
X015,37586,30,30,0,1252.8666666666666,1252.8666666666666
X016,37584,30,30,0,1252.8,1252.8
X017,37576,30,30,0,1252.5333333333333,1252.5333333333333
X018,15799,14,14,0,1128.5,1128.5
X019,15799,14,14,0,1128.5,1128.5
X020,15799,14,14,0,1128.5,1128.5
X021,15799,14,14,0,1128.5,1128.5
X022,15799,14,14,0,1128.5,1128.5
X022_01,33209,24,24,0,1383.7083333333333,1383.7083333333333
X022_02A,33168,24,24,0,1382,1382
X022_02B,14578,24,24,0,607.4166666666666,607.4166666666666
X022_03A,32999,24,24,0,1374.9583333333333,1374.9583333333333
X022_03B,7278,24,24,0,303.25,303.25
X022_04A,32888,24,24,0,1370.3333333333333,1370.3333333333333
X022_04B,989,24,24,0,41.208333333333336,41.208333333333336
X022_05A,32937,24,24,0,1372.375,1372.375
X022_05B,4648,24,24,0,193.66666666666666,193.66666666666666
X022_06A,32779,24,24,0,1365.7916666666667,1365.7916666666667
X022_06B,1048,24,24,0,43.666666666666664,43.666666666666664
X024,0,0,0,0,NA,NA
X025A,33276,24,24,0,1386.5,1386.5
X025B,33276,24,24,0,1386.5,1386.5
X025C,33276,24,24,0,1386.5,1386.5
X025CS,33299,24,24,0,1387.4583333333333,1387.4583333333333
X027,14814,13,13,0,1139.5384615384614,1139.5384615384614
X029,7413,13,13,0,570.2307692307693,570.2307692307693
X030,14688,13,13,0,1129.8461538461538,1129.8461538461538
X032,4412,30,30,0,147.06666666666666,147.06666666666666
X032R_01,4860,24,24,0,202.5,202.5
X033,7048,29,29,0,243.0344827586207,243.0344827586207
X033R,7048,29,29,0,243.0344827586207,243.0344827586207
X034R,1506,28,28,0,53.785714285714285,53.785714285714285
X034R_01,4281,52,37,15,115.70270270270271,82.32692307692308
X035_2,55233,54,37,17,1492.7837837837837,1022.8333333333334
X035_3,28518,30,30,0,950.6,950.6
X035_4,28518,30,30,0,950.6,950.6
X036A,26715,24,24,0,1113.125,1113.125
X036B,26715,24,24,0,1113.125,1113.125
X036C,26715,24,24,0,1113.125,1113.125
X036D,26715,24,24,0,1113.125,1113.125
X037,2614,30,30,0,87.13333333333334,87.13333333333334
X037_01,32357,24,24,0,1348.2083333333333,1348.2083333333333
X037_02,32673,24,24,0,1361.375,1361.375
X038,7709,14,14,0,550.6428571428571,550.6428571428571
X039,14612,14,14,0,1043.7142857142858,1043.7142857142858
X042_2,14766,29,29,0,509.17241379310343,509.17241379310343
X042_3,14766,29,29,0,509.17241379310343,509.17241379310343
X042_4,14766,29,29,0,509.17241379310343,509.17241379310343
X046,49412,37,21,11,2352.9523809523807,1335.4594594594594
X047A,27169,24,24,0,1132.0416666666667,1132.0416666666667
X047A_01,27169,24,24,0,1132.0416666666667,1132.0416666666667
X047B,27169,24,24,0,1132.0416666666667,1132.0416666666667
X047B_01,27169,24,24,0,1132.0416666666667,1132.0416666666667
X047C,27169,24,24,0,1132.0416666666667,1132.0416666666667
X047C_01,27169,24,24,0,1132.0416666666667,1132.0416666666667
X047CS,68541,67,33,23,2077,1023
X047D,51516,46,31,15,1661.8064516129032,1119.9130434782608
X048,70644,54,33,15,2140.7272727272725,1308.2222222222222
X048A,33552,24,24,0,1398,1398
x048a_n1,114835,91,40,29,2870.875,1261.923076923077
X048B,33519,24,24,0,1396.625,1396.625
x048b_n2,114835,91,40,29,2870.875,1261.923076923077
X048C,0,0,0,0,NA,NA
x048c_n3,114835,91,40,29,2870.875,1261.923076923077
X048D,31391,24,24,0,1307.9583333333333,1307.9583333333333
X048E,30989,24,24,0,1291.2083333333333,1291.2083333333333
x048e_n1,114835,91,40,29,2870.875,1261.923076923077
X048F,30730,24,24,0,1280.4166666666667,1280.4166666666667
x048f_n2,114835,91,40,29,2870.875,1261.923076923077
X048G,30308,24,24,0,1262.8333333333333,1262.8333333333333
x048g_n3,114835,91,40,29,2870.875,1261.923076923077
x049a,30566,23,23,0,1328.9565217391305,1328.9565217391305
X049CS,53,1,1,0,53,53
TRADRAT5,0,0,0,0,NA,NA
SURVSELF,0,0,0,0,NA,NA
country_year,659369,414,115,92,5733.643478260869,1592.6787439613527
